{
    "loss": 9.899084091186523,
    "accuracy": 0.4313725531101227
}